{
  "properties" : {
    "localizable" : true
  },
  "info" : {
    "version" : 1,
    "author" : "xcode"
  },
  "colors" : [
    {
      "idiom" : "universal",
      "color" : {
        "color-space" : "extended-srgb",
        "components" : {
          "red" : "0.933",
          "alpha" : "1.000",
          "blue" : "0.945",
          "green" : "0.937"
        }
      }
    },
    {
      "idiom" : "universal",
      "appearances" : [
        {
          "appearance" : "luminosity",
          "value" : "light"
        }
      ],
      "color" : {
        "color-space" : "extended-srgb",
        "components" : {
          "red" : "0xEE",
          "alpha" : "1.000",
          "blue" : "0xF1",
          "green" : "0xEF"
        }
      }
    },
    {
      "idiom" : "universal",
      "appearances" : [
        {
          "appearance" : "luminosity",
          "value" : "dark"
        }
      ],
      "color" : {
        "color-space" : "srgb",
        "components" : {
          "red" : "0x00",
          "alpha" : "1.000",
          "blue" : "0x00",
          "green" : "0x00"
        }
      }
    }
  ]
}